{"cameraMode":{"drawMode":0,"name":"Shaded","section":"Shading Mode"},"sceneLighting":true,"audioPlay":false,"sceneViewState":{"showFog":true,"showMaterialUpdate":false,"showSkybox":true,"showFlares":true,"showImageEffects":true,"showParticleSystems":true,"showVisualEffectGraphs":true,"m_FxEnabled":true},"in2DMode":false,"pivot":{"x":0.6972982287406921,"y":0.11410415172576904,"z":-2.2542736530303957},"rotation":{"x":0.20687738060951234,"y":0.36787885427474978,"z":-0.08436919748783112,"w":0.9026974439620972},"size":4.2415032386779789,"orthographic":false}